{"customizationDataList":[{"skinColor":{"r":1.0,"g":0.7098039388656616,"b":0.5411764979362488,"a":1.0},"hairColor":{"r":1.0,"g":0.5372549295425415,"b":0.37254902720451357,"a":1.0},"beardColor":{"r":1.0,"g":0.5372549295425415,"b":0.37254902720451357,"a":1.0},"tshirtColor":{"r":1.0,"g":0.6705882549285889,"b":0.1921568661928177,"a":1.0},"pantColor":{"r":0.0,"g":0.0,"b":0.0,"a":1.0},"shoeColor":{"r":0.0,"g":0.0,"b":0.0,"a":1.0},"hair":true,"tshirt":true,"belt":true,"beard1":true,"beard2":false,"beard3":false,"mustache1":true,"mustache2":false,"mustache3":false,"leftEarning1":false,"leftEarning2":false,"leftEarning3":false,"rightEarning1":false,"rightEarning2":false,"rightEarning3":false},{"skinColor":{"r":0.5377358198165894,"g":0.28030499815940859,"b":0.007102143485099077,"a":0.0},"hairColor":{"r":0.9725490212440491,"g":0.1607842743396759,"b":0.6763572692871094,"a":0.0},"beardColor":{"r":0.7990875244140625,"g":0.0,"b":1.0,"a":0.0},"tshirtColor":{"r":0.27568531036376955,"g":0.6037735939025879,"b":0.5844742655754089,"a":0.0},"pantColor":{"r":0.1615789532661438,"g":0.16084015369415284,"b":0.16981130838394166,"a":0.0},"shoeColor":{"r":0.0,"g":0.0,"b":0.0,"a":0.0},"hair":true,"tshirt":true,"belt":true,"beard1":false,"beard2":false,"beard3":true,"mustache1":false,"mustache2":true,"mustache3":false,"leftEarning1":true,"leftEarning2":true,"leftEarning3":true,"rightEarning1":true,"rightEarning2":true,"rightEarning3":true},{"skinColor":{"r":0.5283018946647644,"g":0.27860933542251589,"b":0.18640084564685822,"a":0.0},"hairColor":{"r":0.07547169923782349,"g":0.07547169923782349,"b":0.07547169923782349,"a":0.0},"beardColor":{"r":0.0,"g":0.0,"b":0.0,"a":0.0},"tshirtColor":{"r":0.9607843160629273,"g":0.35864874720573428,"b":0.19607838988304139,"a":1.0},"pantColor":{"r":0.17924529314041139,"g":0.17706498503684998,"b":0.0767710953950882,"a":0.0},"shoeColor":{"r":0.07450980693101883,"g":0.07450980693101883,"b":0.07450980693101883,"a":0.0},"hair":false,"tshirt":true,"belt":true,"beard1":false,"beard2":false,"beard3":false,"mustache1":false,"mustache2":true,"mustache3":false,"leftEarning1":false,"leftEarning2":false,"leftEarning3":false,"rightEarning1":false,"rightEarning2":false,"rightEarning3":false},{"skinColor":{"r":0.8113207817077637,"g":0.5005695819854736,"b":0.5005695819854736,"a":0.0},"hairColor":{"r":1.0,"g":0.26001685857772829,"b":0.003921568393707275,"a":0.0},"beardColor":{"r":1.0,"g":0.5985153317451477,"b":0.003921568393707275,"a":0.0},"tshirtColor":{"r":0.3096076548099518,"g":0.8867924213409424,"b":0.13720178604125977,"a":0.0},"pantColor":{"r":0.3396226167678833,"g":0.1646849364042282,"b":0.18801352381706239,"a":0.0},"shoeColor":{"r":0.0,"g":0.0,"b":0.0,"a":0.0},"hair":true,"tshirt":true,"belt":true,"beard1":true,"beard2":false,"beard3":false,"mustache1":false,"mustache2":false,"mustache3":false,"leftEarning1":true,"leftEarning2":false,"leftEarning3":false,"rightEarning1":false,"rightEarning2":true,"rightEarning3":false},{"skinColor":{"r":0.9056603908538818,"g":0.7790302038192749,"b":0.40583837032318118,"a":0.0},"hairColor":{"r":0.12264150381088257,"g":0.09943093359470368,"b":0.03991634026169777,"a":0.0},"beardColor":{"r":0.12156863510608673,"g":0.09803922474384308,"b":0.03921568766236305,"a":1.0},"tshirtColor":{"r":0.0,"g":0.0,"b":0.0,"a":0.0},"pantColor":{"r":0.0,"g":0.0,"b":0.0,"a":0.0},"shoeColor":{"r":0.0,"g":0.0,"b":0.0,"a":0.0},"hair":false,"tshirt":true,"belt":true,"beard1":false,"beard2":false,"beard3":false,"mustache1":false,"mustache2":false,"mustache3":true,"leftEarning1":false,"leftEarning2":false,"leftEarning3":false,"rightEarning1":false,"rightEarning2":false,"rightEarning3":false},{"skinColor":{"r":0.9058824181556702,"g":0.7803922295570374,"b":0.40392160415649416,"a":0.0},"hairColor":{"r":0.12156863510608673,"g":0.09803922474384308,"b":0.03921568766236305,"a":0.0},"beardColor":{"r":0.12156863510608673,"g":0.09803922474384308,"b":0.03921568766236305,"a":0.0},"tshirtColor":{"r":0.0,"g":0.0,"b":0.0,"a":0.0},"pantColor":{"r":0.0,"g":0.0,"b":0.0,"a":0.0},"shoeColor":{"r":0.0,"g":0.0,"b":0.0,"a":0.0},"hair":false,"tshirt":true,"belt":true,"beard1":false,"beard2":false,"beard3":true,"mustache1":false,"mustache2":false,"mustache3":false,"leftEarning1":false,"leftEarning2":false,"leftEarning3":false,"rightEarning1":false,"rightEarning2":false,"rightEarning3":false},{"skinColor":{"r":0.3962264060974121,"g":0.06424661725759506,"b":0.01682092435657978,"a":0.0},"hairColor":{"r":0.772549033164978,"g":0.6120147109031677,"b":0.0784313902258873,"a":0.0},"beardColor":{"r":0.7735849022865295,"g":0.5744545459747315,"b":0.07662869244813919,"a":0.0},"tshirtColor":{"r":0.5849056243896484,"g":0.5600747466087341,"b":0.5600747466087341,"a":0.0},"pantColor":{"r":0.0,"g":0.0,"b":0.0,"a":0.0},"shoeColor":{"r":0.0,"g":0.0,"b":0.0,"a":0.0},"hair":false,"tshirt":true,"belt":true,"beard1":false,"beard2":true,"beard3":false,"mustache1":false,"mustache2":false,"mustache3":false,"leftEarning1":false,"leftEarning2":false,"leftEarning3":false,"rightEarning1":false,"rightEarning2":false,"rightEarning3":false},{"skinColor":{"r":0.5566037893295288,"g":0.09189212322235108,"b":0.16335192322731019,"a":0.0},"hairColor":{"r":0.9905660152435303,"g":0.9905660152435303,"b":0.9905660152435303,"a":0.0},"beardColor":{"r":1.0,"g":1.0,"b":1.0,"a":0.0},"tshirtColor":{"r":0.2641509175300598,"g":0.2641509175300598,"b":0.2641509175300598,"a":0.0},"pantColor":{"r":0.09433960914611817,"g":0.09433960914611817,"b":0.09433960914611817,"a":0.0},"shoeColor":{"r":0.0,"g":0.0,"b":0.0,"a":0.0},"hair":true,"tshirt":true,"belt":true,"beard1":true,"beard2":true,"beard3":true,"mustache1":true,"mustache2":true,"mustache3":false,"leftEarning1":true,"leftEarning2":true,"leftEarning3":true,"rightEarning1":true,"rightEarning2":true,"rightEarning3":false},{"skinColor":{"r":0.6415094137191773,"g":0.3741726577281952,"b":0.305624783039093,"a":1.0},"hairColor":{"r":0.10377359390258789,"g":0.1036602109670639,"b":0.10328409820795059,"a":0.0},"beardColor":{"r":0.17924529314041139,"g":0.17315484583377839,"b":0.15810787677764893,"a":0.0},"tshirtColor":{"r":0.6603773832321167,"g":0.6603773832321167,"b":0.6603773832321167,"a":0.0},"pantColor":{"r":0.10377359390258789,"g":0.10296592116355896,"b":0.09643112123012543,"a":0.0},"shoeColor":{"r":0.0,"g":0.0,"b":0.0,"a":0.0},"hair":true,"tshirt":true,"belt":true,"beard1":false,"beard2":false,"beard3":true,"mustache1":false,"mustache2":true,"mustache3":false,"leftEarning1":false,"leftEarning2":false,"leftEarning3":true,"rightEarning1":true,"rightEarning2":false,"rightEarning3":false},{"skinColor":{"r":0.5094339847564697,"g":0.18022428452968598,"b":0.18022428452968598,"a":0.0},"hairColor":{"r":0.10196079313755036,"g":0.10196079313755036,"b":0.10196079313755036,"a":0.0},"beardColor":{"r":0.18039216101169587,"g":0.1725490242242813,"b":0.1568627506494522,"a":0.0},"tshirtColor":{"r":0.801886796951294,"g":0.6543698906898499,"b":0.6543698906898499,"a":0.0},"pantColor":{"r":0.10196079313755036,"g":0.10196079313755036,"b":0.09803922474384308,"a":0.0},"shoeColor":{"r":0.0,"g":0.0,"b":0.0,"a":0.0},"hair":false,"tshirt":true,"belt":true,"beard1":false,"beard2":false,"beard3":false,"mustache1":false,"mustache2":false,"mustache3":false,"leftEarning1":false,"leftEarning2":false,"leftEarning3":false,"rightEarning1":false,"rightEarning2":false,"rightEarning3":false},{"skinColor":{"r":0.3396226167678833,"g":0.11914129555225373,"b":0.06568172574043274,"a":0.0},"hairColor":{"r":0.5188679099082947,"g":0.5115254521369934,"b":0.5115254521369934,"a":0.0},"beardColor":{"r":0.5754716992378235,"g":0.5727571845054627,"b":0.5727571845054627,"a":0.0},"tshirtColor":{"r":0.3185234069824219,"g":0.5188679099082947,"b":0.05139729008078575,"a":0.0},"pantColor":{"r":0.0,"g":0.0,"b":0.0,"a":0.0},"shoeColor":{"r":0.30188679695129397,"g":0.10964755713939667,"b":0.10964755713939667,"a":0.0},"hair":false,"tshirt":true,"belt":true,"beard1":true,"beard2":true,"beard3":false,"mustache1":true,"mustache2":true,"mustache3":false,